{
  "episode_length": 5000,
  "boid_count": 16,
  "sl_baseline": 0.8277777777777778,
  "sl_std": 0.020786985482077427,
  "trials": [
    {
      "trial": 1,
      "performances": [
        0.8333333333333334,
        0.8333333333333334,
        0.8166666666666667,
        0.8,
        0.7166666666666667,
        0.75,
        0.6666666666666666
      ],
      "improvements": [
        0.671140939597313,
        0.671140939597313,
        -1.3422818791946394,
        -3.3557046979865786,
        -13.422818791946314,
        -9.395973154362421,
        -19.463087248322157
      ],
      "best_performance": 0.8333333333333334,
      "best_iteration": 2,
      "best_improvement": 0.671140939597313
    },
    {
      "trial": 2,
      "performances": [
        0.9,
        0.7833333333333333,
        0.7166666666666667,
        0.75,
        0.7666666666666667,
        0.6833333333333333,
        0.8333333333333333
      ],
      "improvements": [
        8.724832214765096,
        -5.369127516778531,
        -13.422818791946314,
        -9.395973154362421,
        -7.38255033557047,
        -17.449664429530205,
        0.6711409395972996
      ],
      "best_performance": 0.8333333333333333,
      "best_iteration": 9,
      "best_improvement": 0.6711409395972996
    },
    {
      "trial": 3,
      "performances": [
        0.8333333333333334,
        0.7666666666666667,
        0.6333333333333333,
        0.75,
        0.8166666666666667,
        0.6666666666666666,
        0.8166666666666667
      ],
      "improvements": [
        0.671140939597313,
        -7.38255033557047,
        -23.489932885906047,
        -9.395973154362421,
        -1.3422818791946394,
        -19.463087248322157,
        -1.3422818791946394
      ],
      "best_performance": 0.8166666666666667,
      "best_iteration": 7,
      "best_improvement": -1.3422818791946394
    }
  ],
  "mean_best_performance": 0.8277777777777778,
  "std_best_performance": 0.00785674201318386,
  "mean_improvement": -8.955799065309597e-15,
  "max_improvement": 0.671140939597313,
  "success_rate": 66.66666666666666
}