{
  "episode_length": 10000,
  "boid_count": 12,
  "sl_baseline": 0.8500000000000001,
  "sl_std": 0.10274023338281628,
  "trials": [
    {
      "trial": 1,
      "performances": [
        0.7333333333333333,
        0.7666666666666666,
        0.8333333333333334,
        0.7,
        0.75,
        0.7666666666666666,
        0.8333333333333334
      ],
      "improvements": [
        -13.725490196078447,
        -9.803921568627468,
        -1.960784313725496,
        -17.647058823529427,
        -11.764705882352951,
        -9.803921568627468,
        -1.960784313725496
      ],
      "best_performance": 0.8333333333333334,
      "best_iteration": 4,
      "best_improvement": -1.960784313725496
    },
    {
      "trial": 2,
      "performances": [
        0.8333333333333334,
        0.7833333333333333,
        0.7666666666666667,
        0.7833333333333333,
        0.7166666666666667,
        0.7666666666666667,
        0.8333333333333333
      ],
      "improvements": [
        -1.960784313725496,
        -7.843137254901972,
        -9.803921568627453,
        -7.843137254901972,
        -15.68627450980393,
        -9.803921568627453,
        -1.9607843137255092
      ],
      "best_performance": 0.8333333333333333,
      "best_iteration": 9,
      "best_improvement": -1.9607843137255092
    },
    {
      "trial": 3,
      "performances": [
        0.7333333333333333,
        0.8166666666666667,
        0.7833333333333333,
        0.8,
        0.8833333333333333,
        0.7166666666666667,
        0.7166666666666667
      ],
      "improvements": [
        -13.725490196078447,
        -3.921568627450992,
        -7.843137254901972,
        -5.8823529411764754,
        3.9215686274509656,
        -15.68627450980393,
        -15.68627450980393
      ],
      "best_performance": 0.8833333333333333,
      "best_iteration": 7,
      "best_improvement": 3.9215686274509656
    }
  ],
  "mean_best_performance": 0.85,
  "std_best_performance": 0.02357022603955158,
  "mean_improvement": -1.3322676295501878e-14,
  "max_improvement": 3.9215686274509656,
  "success_rate": 33.33333333333333
}