{
  "episode_length": 7500,
  "boid_count": 16,
  "sl_baseline": 0.8388888888888889,
  "sl_std": 0.0415739709641549,
  "trials": [
    {
      "trial": 1,
      "performances": [
        0.7833333333333333,
        0.7833333333333333,
        0.7833333333333333,
        0.8166666666666667,
        0.65,
        0.7833333333333333,
        0.5833333333333333
      ],
      "improvements": [
        -6.622516556291394,
        -6.622516556291394,
        -6.622516556291394,
        -2.64900662251656,
        -22.516556291390728,
        -6.622516556291394,
        -30.46357615894041
      ],
      "best_performance": 0.8166666666666667,
      "best_iteration": 6,
      "best_improvement": -2.64900662251656
    },
    {
      "trial": 2,
      "performances": [
        0.9,
        0.7833333333333333,
        0.8333333333333334,
        0.75,
        0.6833333333333333,
        0.8166666666666667,
        0.7
      ],
      "improvements": [
        7.284768211920531,
        -6.622516556291394,
        -0.6622516556291367,
        -10.596026490066226,
        -18.543046357615893,
        -2.64900662251656,
        -16.556291390728482
      ],
      "best_performance": 0.8333333333333334,
      "best_iteration": 4,
      "best_improvement": -0.6622516556291367
    },
    {
      "trial": 3,
      "performances": [
        0.7,
        0.6666666666666666,
        0.8166666666666667,
        0.8,
        0.7666666666666666,
        0.7166666666666667,
        0.6833333333333333
      ],
      "improvements": [
        -16.556291390728482,
        -20.529801324503318,
        -2.64900662251656,
        -4.6357615894039705,
        -8.609271523178817,
        -14.569536423841061,
        -18.543046357615893
      ],
      "best_performance": 0.8166666666666667,
      "best_iteration": 4,
      "best_improvement": -2.64900662251656
    }
  ],
  "mean_best_performance": 0.8222222222222223,
  "std_best_performance": 0.007856742013183886,
  "mean_improvement": -1.9867549668874187,
  "max_improvement": -0.6622516556291367,
  "success_rate": 0.0
}