{
  "sl_baseline": 0.8166666666666667,
  "standard_trajectories": [
    [
      0.85,
      0.7833333333333333,
      0.75,
      0.6166666666666667,
      0.7999999999999999,
      0.5666666666666667,
      0.8,
      0.8333333333333333,
      0.8,
      0.7833333333333333,
      0.8833333333333333,
      0.7,
      0.65,
      0.7333333333333333,
      0.7833333333333333
    ],
    [
      0.75,
      0.6333333333333333,
      0.65,
      0.7,
      0.6166666666666667,
      0.65,
      0.5666666666666667,
      0.8,
      0.6,
      0.7666666666666667,
      0.85,
      0.7333333333333334,
      0.7333333333333333,
      0.75,
      0.6833333333333333
    ]
  ],
  "pretrained_trajectories": [
    [
      0.85,
      0.7166666666666667,
      0.6,
      0.7333333333333334,
      0.7333333333333334,
      0.5333333333333333,
      0.6833333333333333,
      0.6,
      0.55,
      0.6666666666666666,
      0.65,
      0.7,
      0.75,
      0.7166666666666667,
      0.5666666666666667
    ],
    [
      0.7666666666666666,
      0.5666666666666667,
      0.75,
      0.8333333333333334,
      0.6333333333333333,
      0.7333333333333333,
      0.7333333333333333,
      0.6833333333333333,
      0.6833333333333333,
      0.6833333333333333,
      0.5,
      0.5666666666666667,
      0.6666666666666666,
      0.6333333333333333,
      0.6833333333333333
    ]
  ],
  "analysis": {
    "standard_best_iteration": 10,
    "standard_best_performance": 0.8666666666666667,
    "pretrained_best_iteration": 0,
    "pretrained_best_performance": 0.8083333333333333,
    "standard_final_performance": 0.7333333333333334,
    "pretrained_final_performance": 0.625
  }
}